{"cameraMode":{"drawMode":0,"name":"Shaded","section":"Shading Mode"},"sceneLighting":true,"audioPlay":false,"sceneViewState":{"showFog":true,"showMaterialUpdate":false,"showSkybox":true,"showFlares":true,"showImageEffects":true,"showParticleSystems":true},"in2DMode":false,"pivot":{"x":14.980908393859864,"y":14.682316780090332,"z":-21.500213623046876},"rotation":{"x":0.2392190396785736,"y":-0.3069382607936859,"z":0.08001099526882172,"w":0.9176949858665466},"size":21.423381805419923,"orthographic":true}